name,value
total_parcels,"47,009"
total_units,"144,211"
total_networks,"19,684"
networks_single_parcel,"14,041"
pct_networks_single_parcel,71%
networks_multiple_parcels,"5,643"
pct_networks_multiple_parcels,29%
networks_multiple_names,"3,772"
pct_networks_multiple_names,19%
parcels_single_parcel_owner,"14,041"
pct_parcels_single_parcel_owner,30%
parcels_multiple_parcel_owner,"32,968"
parcels_multiple_name_owner,"26,947"
pct_parcels_multiple_name_owner,57%
total_mprop_names,"28,514"
total_mprop_addresses,"21,617"
mprop_updated,2026-10-04
wdfi_updated,2026-02-13
workflow_updated,2026-10-08
evict_start,2016-01-01
evict_end,2024-12-27
dns_start,2017-01-01
dns_end,2026-02-25
